City_ID,City,Lat,Lng,Max Temp,Humidity,Cloudiness,Wind Speed,Country,Date
0,invercargill,-46.4,168.35,7.79,87,100,4.02,NZ,1717958983
1,inirida,3.8653,-67.9239,25.27,90,100,0.8,CO,1717958983
2,mount gambier,-37.8333,140.7667,4.87,89,100,2.35,AU,1717958929
3,margaret river,-33.95,115.0667,15.23,63,97,11.38,AU,1717958984
4,wailua homesteads,22.0669,-159.378,27.24,76,20,7.72,US,1717958984
5,lebu,-37.6167,-73.65,13.21,83,100,7.94,CL,1717958984
6,koulamoutou,-1.1303,12.4736,23.41,93,96,1.17,GA,1717958984
7,lihue,21.9789,-159.3672,27.58,69,20,7.72,US,1717958984
8,atafu village,-8.5421,-172.5159,28.35,72,97,2.86,TK,1717958984
9,waitangi,-43.9535,-176.5597,13.23,91,100,7.15,NZ,1717958984
10,richards bay,-28.783,32.0377,15.65,69,0,2.78,ZA,1717958984
11,tofol,5.3248,163.0078,28.84,77,100,6.37,FM,1717958984
12,tiksi,71.6872,128.8694,0.21,96,100,3.74,RU,1717958984
13,grytviken,-54.2811,-36.5092,-6.08,76,19,6.27,GS,1717958985
14,aasiaat,68.7098,-52.8699,1.97,91,84,1.53,GL,1717958985
15,quellon,-43.1167,-73.6167,11.28,81,88,3.98,CL,1717958851
16,flying fish cove,-10.4217,105.6791,25.82,88,75,5.14,CX,1717958985
17,yellowknife,62.456,-114.3525,14.12,69,75,2.57,CA,1717958985
18,hemmoor,53.7,9.1167,12.74,82,93,4.92,DE,1717958985
19,timimoun,29.2639,0.231,42.21,10,0,8.23,DZ,1717958762
20,west island,-12.1568,96.8225,26.99,83,40,4.63,CC,1717958985
21,amga,60.8953,131.9608,9.81,75,2,0.65,RU,1717958986
22,massawa,15.6097,39.45,33.79,45,64,2.73,ER,1717958986
23,kailua-kona,19.6406,-155.9956,28.49,77,75,3.09,US,1717958986
24,nikolayevsk-on-amure,53.1406,140.73,10.12,97,100,1.79,RU,1717958986
25,moose jaw,50.4001,-105.5344,15.15,36,40,3.09,CA,1717958986
26,priob'ye,62.5206,65.5964,17.79,54,100,3.29,RU,1717958986
27,sant carles de la rapita,40.6167,0.6,25.21,47,0,7.86,ES,1717958986
28,petropavlovsk-kamchatsky,53.0452,158.6483,11.33,63,75,6.26,RU,1717958986
29,east london,-33.0153,27.9116,14.52,77,0,2.57,ZA,1717958708
30,mount isa,-20.7333,139.5,5.87,87,5,0.0,AU,1717958986
31,isafjordur,66.0755,-23.124,9.02,66,75,5.14,IS,1717958986
32,palmer,42.1584,-72.3287,20.25,77,75,2.57,US,1717958986
33,kirakira,-10.4544,161.9205,26.97,87,87,4.65,SB,1717958987
34,saipan,15.1355,145.701,28.39,78,20,4.12,MP,1717958987
35,ouadda,8.0777,22.4007,22.38,82,100,1.57,CF,1717958987
36,vorgashor,67.5833,63.95,2.11,96,100,3.27,RU,1717958987
37,stanley,54.868,-1.6985,12.77,74,20,1.54,GB,1717958987
38,jamestown,42.097,-79.2353,19.73,59,20,7.2,US,1717958899
39,ust-nera,64.5667,143.2,6.95,47,100,1.75,RU,1717958987
40,palangkaraya,-2.2,113.8333,24.32,96,28,1.06,ID,1717958987
41,walvis bay,-22.9575,14.5053,21.16,31,4,3.26,NA,1717958987
42,edinburgh of the seven seas,-37.0676,-12.3116,14.11,81,100,7.56,SH,1717958987
43,ushuaia,-54.8,-68.3,1.81,69,20,0.51,AR,1717958760
44,severobaykal'sk,55.65,109.3167,10.84,51,100,1.13,RU,1717958988
45,adamstown,-25.066,-130.1015,22.45,74,100,6.38,PN,1717958988
46,kyaikkami,16.08,97.5675,27.63,85,100,6.19,MM,1717958988
47,port-aux-francais,-49.35,70.2167,6.43,98,100,14.53,TF,1717958988
48,gordonvale,-17.0936,145.7842,15.88,100,19,2.03,AU,1717958988
49,puerto lempira,15.2667,-83.7667,30.08,70,40,1.54,HN,1717958988
50,arkhangel'sk,64.5401,40.5433,12.06,66,20,4.0,RU,1717958775
51,darwin,-12.4611,130.8418,17.99,83,5,2.57,AU,1717958702
52,afaahiti,-17.75,-149.2833,24.93,84,100,7.5,PF,1717958988
53,klyuchi,52.2667,79.1667,17.38,83,98,2.32,RU,1717958988
54,bodo,67.28,14.405,16.02,55,0,5.66,NO,1717958989
55,labytnangi,66.6572,66.4183,10.21,60,100,3.96,RU,1717958989
56,san luis de la loma,17.2706,-100.8939,32.0,54,18,5.25,MX,1717958989
57,gorgan,36.8387,54.4348,23.98,73,0,4.12,IR,1717958989
58,la ronge,55.1001,-105.2842,8.14,87,100,3.6,CA,1717958989
59,el granada,37.5027,-122.4694,26.71,75,40,7.2,US,1717958989
60,luanda,-8.8368,13.2343,24.0,83,40,4.12,AO,1717958989
61,portrush,55.1959,-6.6493,10.83,71,100,3.13,GB,1717958989
62,alofi,-19.0595,-169.9187,21.94,73,40,5.14,NU,1717958989
63,badger,64.8,-147.5333,21.67,42,100,1.54,US,1717958989
64,usinsk,65.9939,57.5281,7.26,92,100,5.81,RU,1717958811
65,cabinda,-5.55,12.2,25.08,83,75,2.57,AO,1717958990
66,maxixe,-23.8597,35.3472,17.9,93,40,1.54,MZ,1717958990
67,guerrero negro,27.9769,-114.0611,20.56,59,1,6.49,MX,1717958771
68,al ghayzah,16.2079,52.176,30.16,78,7,4.52,YE,1717958990
69,ribeira grande,38.5167,-28.7,21.22,78,40,6.71,PT,1717958990
70,new norfolk,-42.7826,147.0587,4.4,88,65,1.19,AU,1717958990
71,port mathurin,-19.6833,63.4167,24.41,80,22,7.47,MU,1717958990
72,hithadhoo,-0.6,73.0833,28.42,73,100,1.75,MV,1717958990
73,port elizabeth,-33.918,25.5701,11.17,87,0,1.54,ZA,1717958990
74,al mijlad,11.0333,27.7333,30.81,41,98,3.22,SD,1717958991
75,puerto ayora,-0.7393,-90.3518,27.98,95,82,0.89,EC,1717958991
76,boa vista,2.8197,-60.6733,29.99,66,75,1.03,BR,1717958991
77,blackmans bay,-43.0167,147.3167,3.74,87,8,2.05,AU,1717958991
78,puerto natales,-51.7236,-72.4875,0.25,93,100,1.03,CL,1717958701
79,andergrove,-21.0833,149.1833,10.91,72,0,1.97,AU,1717958991
80,queenstown,-31.8976,26.8753,9.8,51,0,2.82,ZA,1717958991
81,pathein,16.7833,94.7333,26.32,89,100,3.47,MM,1717958991
82,bandarbeyla,9.4942,50.8122,26.71,82,100,13.7,SO,1717958991
83,hadibu,12.65,54.0333,28.33,77,100,6.48,YE,1717958991
84,islamkot,24.6997,70.177,30.62,55,0,4.31,PK,1717958992
85,papatowai,-46.5619,169.4708,8.26,87,100,6.39,NZ,1717958992
86,nishinoomote,30.7333,131.0,23.17,82,100,6.21,JP,1717958992
87,glace bay,46.1969,-59.957,21.82,66,75,7.72,CA,1717958992
88,college,64.8569,-147.8028,21.72,35,100,1.54,US,1717958992
89,dudinka,69.4058,86.1778,3.71,94,100,3.58,RU,1717958992
90,hermanus,-34.4187,19.2345,12.11,79,25,4.14,ZA,1717958992
91,vilyuchinsk,52.9306,158.4028,12.15,86,98,3.66,RU,1717958992
92,coquimbo,-29.9533,-71.3436,16.85,71,0,3.09,CL,1717958992
93,albany,42.6001,-73.9662,19.8,72,11,0.45,US,1717958885
94,mabaruma,8.2,-59.7833,30.01,71,100,1.52,GY,1717958993
95,santiago de cao,-7.9589,-79.2392,18.07,82,100,4.12,PE,1717958993
96,ivanava,52.1451,25.5365,16.23,83,13,1.12,BY,1717958993
97,st. john's,47.5649,-52.7093,16.2,82,100,5.66,CA,1717958716
98,kavieng,-2.5744,150.7967,28.2,80,100,3.46,PG,1717958993
99,balabac,7.9868,117.0645,27.32,83,97,1.58,PH,1717958993
100,antsiranana,-12.2787,49.2917,23.5,75,9,6.55,MG,1717958993
101,san antonio de pale,-1.4014,5.6325,24.79,82,100,3.88,GQ,1717958993
102,selkirk,50.1436,-96.8845,15.1,57,35,3.58,CA,1717958823
103,egilsstadir,65.2653,-14.3948,7.95,71,75,5.14,IS,1717958993
104,greenville,35.6127,-77.3663,33.96,40,0,4.63,US,1717958419
105,puerto baquerizo moreno,-0.9,-89.6,25.55,78,100,7.72,EC,1717958994
106,uliastay,47.7417,96.8444,11.0,71,98,1.85,MN,1717958994
107,ta`u,-14.2336,-169.5144,26.5,64,100,8.0,AS,1717958994
108,olonkinbyen,70.9221,-8.7187,-0.78,81,40,8.14,SJ,1717958994
109,birao,10.2849,22.7882,27.48,56,100,1.49,CF,1717958994
110,thompson,55.7435,-97.8558,15.09,29,40,1.54,CA,1717958994
111,isabela,6.7085,121.9711,27.03,87,84,1.75,PH,1717958994
112,haiku-pauwela,20.9219,-156.3051,26.79,66,20,6.69,US,1717958994
113,batie,9.8833,-2.9167,29.38,59,17,4.7,BF,1717958994
114,punta arenas,-53.15,-70.9167,2.06,80,75,2.06,CL,1717958994
115,kirensk,57.7853,108.1119,10.54,66,78,1.79,RU,1717958994
116,anadyr,64.75,177.4833,4.28,86,0,6.0,RU,1717958920
117,midvagur,62.0511,-7.1939,6.46,93,100,8.75,FO,1717958995
118,praia da vitoria,38.7333,-27.0667,22.14,68,20,4.44,PT,1717958995
119,nova sintra,14.8667,-24.7167,23.96,80,1,8.07,CV,1717958995
120,hawaiian paradise park,19.5933,-154.9731,26.04,67,75,2.57,US,1717958995
121,bongaree,-27.0797,153.1586,13.0,78,0,4.84,AU,1717958995
122,tual,-5.6667,132.75,26.61,85,34,9.44,ID,1717958995
123,korhogo,9.45,-5.6333,23.6,86,100,2.64,CI,1717958995
124,mount pearl,47.5166,-52.7813,15.81,82,100,5.66,CA,1717958906
125,kisangani,0.5167,25.2,26.34,64,100,0.91,CD,1717958995
126,bethel,41.3712,-73.414,22.63,65,100,4.63,US,1717958814
127,koulikoro,14.0,-7.75,37.41,23,100,1.25,ML,1717958995
128,alice springs,-23.7,133.8833,4.75,100,0,2.57,AU,1717958996
129,bardai,11.65,7.2333,32.19,42,49,1.77,NG,1717958996
130,port alfred,-33.5906,26.891,16.09,64,0,3.27,ZA,1717958996
131,rio gallegos,-51.6226,-69.2181,3.03,93,75,2.06,AR,1717958774
132,guayaramerin,-10.8368,-65.3614,34.03,40,40,2.57,BO,1717958996
133,mersing,2.4312,103.8405,24.95,100,40,1.54,MY,1717958996
134,usogorsk,63.4106,48.6872,11.48,84,100,1.92,RU,1717958996
135,uturoa,-16.7333,-151.4333,26.97,80,100,4.82,PF,1717958996
136,toliara,-23.35,43.6667,18.66,60,0,7.57,MG,1717958996
137,kodiak,57.79,-152.4072,7.73,93,100,11.32,US,1717958996
138,lycksele,64.5954,18.6735,8.93,87,75,3.6,SE,1717958996
139,ilulissat,69.2167,-51.1,4.01,75,40,3.09,GL,1717958868
140,georgetown,5.4112,100.3354,26.96,83,20,1.54,MY,1717958829
141,farah,32.5,62.5,27.86,15,0,1.54,AF,1717958743
142,port-vila,-17.7338,168.3219,20.78,100,20,0.51,VU,1717958997
143,charters towers,-20.1,146.2667,9.5,75,5,1.27,AU,1717958997
144,glennville,31.9366,-81.9285,34.88,46,0,3.45,US,1717958997
145,cabo san lucas,22.8909,-109.9124,22.64,79,16,2.24,MX,1717958859
146,hasaki,35.7333,140.8333,18.22,91,100,3.7,JP,1717958997
147,mirpur sakro,24.5474,67.6277,29.27,75,1,6.96,PK,1717958997
148,buka,40.8108,69.1986,26.59,26,66,2.21,UZ,1717958997
149,sisophon,13.5859,102.9737,25.67,88,100,2.25,KH,1717958997
150,kurumkan,54.3,110.3,16.74,47,100,2.68,RU,1717958997
151,villa yapacani,-17.4,-63.8333,30.13,41,100,5.36,BO,1717958998
152,san patricio,28.017,-97.5169,33.97,48,47,7.12,US,1717958998
153,papao,-17.75,-149.55,25.82,82,100,8.58,PF,1717958998
154,flin flon,54.7682,-101.865,12.91,54,20,3.09,CA,1717958998
155,bronte,37.7895,14.8342,25.05,28,100,0.59,IT,1717958998
156,iqaluit,63.7506,-68.5145,4.85,52,75,5.66,CA,1717958998
157,bredasdorp,-34.5322,20.0403,10.49,90,7,1.46,ZA,1717958998
158,tura,25.5198,90.2201,24.55,97,33,2.75,IN,1717958998
159,khovd,48.0056,91.6419,17.75,48,16,0.62,MN,1717958998
160,chonchi,-42.6128,-73.8092,11.56,80,28,2.55,CL,1717958875
161,ghanzi,-21.5667,21.7833,12.82,56,0,4.5,BW,1717958998
162,sur,22.5667,59.5289,32.65,49,0,4.51,OM,1717958999
163,ancud,-41.8697,-73.8203,11.03,83,12,5.62,CL,1717958882
164,severo-yeniseyskiy,60.3725,93.0408,8.1,98,75,1.34,RU,1717958999
165,port macquarie,-31.4333,152.9167,6.05,81,2,2.29,AU,1717958831
166,tazovsky,67.4667,78.7,0.93,87,100,2.6,RU,1717958999
167,awjilah,29.1081,21.2869,31.28,17,0,3.42,LY,1717958999
168,nchelenge,-9.3451,28.734,20.7,52,0,3.76,ZM,1717958999
169,taoudenni,22.6783,-3.9836,41.93,9,7,4.82,ML,1717958999
170,fale old settlement,-9.3852,-171.2468,28.64,72,39,3.37,TK,1717958999
171,santa isabel,-23.3156,-46.2214,28.61,53,100,1.27,BR,1717958999
172,stony plain,53.5334,-114.0021,12.06,62,100,3.09,CA,1717959000
173,whitehorse,60.7161,-135.0538,20.45,26,75,4.12,CA,1717959000
174,fernley,39.608,-119.2518,31.13,14,91,2.24,US,1717959000
175,pudozh,61.8099,36.5345,13.3,68,95,1.79,RU,1717959000
176,bilibino,68.0546,166.4372,7.89,56,12,1.55,RU,1717958757
177,zabol,32.25,67.25,20.91,11,21,1.82,AF,1717959000
178,lewistown,40.5992,-77.5714,24.55,71,75,4.63,US,1717959000
179,theniet el had,35.8711,2.0281,17.55,41,100,3.48,DZ,1717959000
180,talcahuano,-36.7167,-73.1167,13.82,88,75,10.29,CL,1717959000
181,port lincoln,-34.7333,135.8667,15.07,55,100,3.98,AU,1717959000
182,la passe,45.5549,-0.8967,23.13,79,0,6.5,FR,1717959000
183,xinghua,32.9392,119.8342,25.24,61,100,3.93,CN,1717959001
184,bereket,39.2446,55.5154,32.48,20,11,1.24,TM,1717959001
185,dwarka,22.2394,68.9678,29.17,80,13,5.71,IN,1717959001
186,tulum,20.2167,-87.4667,33.94,51,97,3.23,MX,1717959001
187,dingcheng,32.1272,115.0394,23.24,84,100,2.59,CN,1717959001
188,abalak,58.1286,68.5944,12.97,86,67,1.76,RU,1717959001
189,hamilton,39.1834,-84.5333,26.22,45,0,4.63,US,1717959001
190,abepura,-2.6333,140.5833,24.45,100,40,0.51,ID,1717959001
191,sarangani,5.4033,125.4636,28.24,76,99,2.14,PH,1717959002
192,vila velha,-20.3297,-40.2925,28.31,99,20,4.12,BR,1717958730
193,nemuro,43.3236,145.575,9.98,94,100,6.34,JP,1717959002
194,la sarre,48.8002,-79.1996,10.81,87,100,5.23,CA,1717958822
195,kodinsk,58.6881,99.1844,11.91,99,100,0.87,RU,1717959002
196,wenchang,30.904,118.4887,22.41,97,100,1.41,CN,1717959003
197,margate,51.3813,1.3862,16.06,62,87,2.24,GB,1717959003
198,gamay,12.3854,125.2979,25.49,93,100,0.41,PH,1717959003
199,sinop,41.7711,34.8709,16.29,78,36,1.78,TR,1717959003
200,longyearbyen,78.2186,15.6401,2.91,65,75,5.14,SJ,1717959003
201,swift current,50.2834,-107.8014,14.45,47,20,4.12,CA,1717958707
202,lospalos,-8.5186,127.0025,18.53,88,31,2.02,TL,1717959003
203,kabompo,-13.5927,24.2008,17.02,42,1,2.8,ZM,1717959003
204,maddela,16.3414,121.6849,24.08,99,100,0.47,PH,1717959004
205,juba,4.8517,31.5825,23.47,79,70,1.51,SS,1717959004
206,qaqortoq,60.7167,-46.0333,6.5,95,100,0.53,GL,1717959004
207,shuangjiang,26.1547,109.7138,19.39,99,100,0.88,CN,1717959004
208,codrington,-38.2667,141.9667,5.5,92,55,3.2,AU,1717959004
209,hotan,37.0997,79.9269,21.56,36,66,0.92,CN,1717959004
210,hudson,40.7168,-74.0663,25.75,49,40,9.26,US,1717958822
211,elliot lake,46.3834,-82.6331,17.46,50,84,5.01,CA,1717958655
212,zhenzhou,32.2692,119.1789,25.5,68,100,3.43,CN,1717959005
213,nuku'alofa,-21.1333,-175.2,22.19,73,75,4.12,TO,1717959005
214,enewetak,11.3474,162.3373,28.25,82,100,7.27,MH,1717959005
215,teruel,40.6667,-0.6667,14.43,73,30,4.48,ES,1717959005
216,aras-asan,8.8908,126.3033,25.94,86,100,2.05,PH,1717959005
217,golyshmanovo,56.3979,68.3728,15.03,79,100,6.04,RU,1717959005
218,pitea,65.3172,21.4794,12.05,95,100,3.56,SE,1717959005
219,talnakh,69.4865,88.3972,3.45,99,100,1.87,RU,1717959005
220,grand falls-windsor,48.9332,-55.6649,12.67,94,100,2.22,CA,1717959005
221,al artawiyah,26.5053,45.3444,34.48,10,78,4.23,SA,1717959005
222,colonia,50.9333,6.95,17.36,59,4,3.95,DE,1717959005
223,sitka,57.0531,-135.33,10.94,76,100,4.12,US,1717959006
224,ormara,25.2088,64.6357,28.44,88,0,5.95,PK,1717959006
225,les anglais,18.3054,-74.2197,29.9,63,100,4.78,HT,1717959006
226,ciudad guayana,8.3533,-62.6528,34.99,41,65,3.31,VE,1717959006
227,tazacorte,28.629,-17.9293,22.3,84,40,3.6,ES,1717959006
228,wolmirstedt,52.25,11.6333,13.41,71,34,2.01,DE,1717959006
229,niquelandia,-14.4739,-48.4597,30.78,23,99,3.25,BR,1717959006
230,saudarkrokur,65.7461,-19.6394,5.16,93,86,4.02,IS,1717959006
231,iskateley,67.6803,53.1512,5.01,71,100,4.92,RU,1717959006
232,fortuna,40.5982,-124.1573,16.19,84,100,6.17,US,1717959006
233,san andres,12.5847,-81.7006,32.01,74,40,2.57,CO,1717959007
234,laascaanood,8.4774,47.3597,27.59,46,88,10.91,SO,1717959007
235,constantia,44.1833,28.65,21.5,73,17,5.53,RO,1717958775
236,ankazoabo,-22.2833,44.5167,15.06,67,0,4.61,MG,1717959007
237,puerto leguizamo,-0.1934,-74.7819,27.56,71,92,0.84,CO,1717959007
238,kegen,43.0197,79.2203,11.39,64,6,2.4,KZ,1717959007
239,udachny,66.4167,112.4,16.92,34,100,2.2,RU,1717959007
240,polyarnyy,69.1989,33.4478,6.21,84,14,5.13,RU,1717959007
241,nepi,42.2428,12.3456,28.11,61,82,3.13,IT,1717959008
242,lubao,14.9167,120.55,27.04,79,100,0.7,PH,1717959008
243,waconia,44.8508,-93.7869,23.03,42,0,4.02,US,1717959008
244,regina,50.4501,-104.6178,16.13,46,20,1.34,CA,1717958189
245,harper,4.375,-7.7169,26.02,88,100,3.95,LR,1717959008
246,remire-montjoly,4.9167,-52.2667,30.02,74,0,1.54,GF,1717959008
247,cooper's town,26.8667,-77.5167,28.51,74,0,5.02,BS,1717959008
248,adrar,20.5022,-10.0711,38.41,17,100,1.19,MR,1717959009
249,crane,31.3974,-102.3501,36.24,15,100,0.5,US,1717959009
250,manay,7.215,126.5397,24.83,83,94,1.6,PH,1717959009
251,nantucket,41.2835,-70.0995,18.38,94,100,6.17,US,1717959009
252,jaisalmer,26.9147,70.9181,33.55,29,35,3.25,IN,1717959009
253,skovorodino,53.9833,123.9167,9.13,88,100,1.85,RU,1717959009
254,zhanaozen,43.3,52.8,25.97,39,17,3.25,KZ,1717959009
255,gadzhiyevo,69.2551,33.3362,5.4,87,20,5.66,RU,1717959009
256,wellington,-41.2866,174.7756,15.81,92,75,9.77,NZ,1717959009
257,karaton,-6.3424,106.1045,22.81,97,3,0.48,ID,1717959009
258,astara,38.5,48.6667,22.39,63,85,3.18,AZ,1717959010
259,keflavik,64.0049,-22.5624,10.24,66,0,3.6,IS,1717959010
260,kapsan-up,41.0903,128.2933,9.06,92,50,0.5,KP,1717959010
261,al jawf,29.5,38.75,31.43,15,0,2.31,SA,1717959010
262,abu dhabi,24.4667,54.3667,37.06,49,0,2.57,AE,1717959010
263,bahce,37.1972,36.5766,21.67,77,100,1.79,TR,1717959010
264,rongelap,11.1635,166.8941,28.39,80,100,6.83,MH,1717959010
265,ola,59.5833,151.2833,5.08,94,100,1.59,RU,1717959010
266,jaunjelgava,56.6167,25.0833,9.97,71,6,2.91,LV,1717959010
267,rikaze,29.25,88.8833,15.74,40,0,2.14,CN,1717958883
268,vianopolis,-16.7419,-48.5164,27.47,31,12,4.05,BR,1717959010
269,yuzhno-kurilsk,44.0306,145.8556,11.32,93,100,3.92,RU,1717959010
270,rundu,-17.9333,19.7667,16.49,45,1,3.1,NA,1717959011
271,shchyolkino,45.4291,35.8223,23.09,63,0,1.45,UA,1717959011
272,howrah,22.5892,88.3103,31.0,89,40,6.17,IN,1717958727
273,turaif,31.6725,38.6637,33.14,8,0,2.06,SA,1717959011
274,viqueque,-8.8673,126.3658,22.38,73,64,1.44,TL,1717959011
275,barrouallie,13.2333,-61.2667,28.79,79,40,5.14,VC,1717959011
276,coahuayana de hidalgo,18.7,-103.6583,32.33,48,3,3.67,MX,1717959011
277,phek,25.6667,94.5,19.54,96,76,0.29,IN,1717959011
278,atherton,53.5237,-2.4935,12.49,88,100,0.27,GB,1717959011
279,berdigestyakh,62.0989,126.6992,10.27,44,3,1.24,RU,1717959011
280,luderitz,-26.6481,15.1594,20.82,30,9,3.5,NA,1717959011
281,sisimiut,66.9395,-53.6735,1.88,99,100,2.09,GL,1717959012
282,bria,6.5423,21.9863,21.23,97,100,1.62,CF,1717959012
283,pahrump,36.2083,-115.9839,36.29,14,49,4.02,US,1717959012
284,susuman,62.7833,148.1667,3.88,58,25,0.89,RU,1717959012
285,orkney,-26.9802,26.6727,10.29,45,5,2.41,ZA,1717959012
286,jertih,5.7336,102.4897,25.26,90,99,1.0,MY,1717959012
287,kattivakkam,13.2167,80.3167,30.1,90,100,2.66,IN,1717959012
288,el bauga,18.262,33.9081,38.32,13,3,3.6,SD,1717959012
289,tsaratanana,-16.7833,47.65,19.95,79,0,4.46,MG,1717959012
290,malchin,53.7333,12.7833,15.39,85,84,3.56,DE,1717959013
291,piacabucu,-10.4056,-36.4344,25.58,84,12,4.74,BR,1717958928
292,vorkuta,67.5,64.0,2.28,96,100,1.79,RU,1717958967
293,broome,42.2506,-75.833,21.93,63,75,4.12,US,1717959013
294,siwa oasis,29.2041,25.5195,32.8,22,0,3.44,EG,1717959013
295,sassandra,4.95,-6.0833,25.52,92,100,3.02,CI,1717959013
296,utete,-7.986,38.758,21.86,73,84,1.85,TZ,1717959013
297,emerald,-23.5333,148.1667,10.4,66,0,4.01,AU,1717959013
298,cockburn town,21.4612,-71.1419,27.93,83,100,6.06,TC,1717959013
299,pointe-noire,-4.7761,11.8635,24.04,88,20,2.06,CG,1717959013
300,utrik,11.2278,169.8474,28.0,81,71,6.61,MH,1717959014
301,bosobolo,4.1833,19.9,23.8,86,98,1.18,CD,1717959014
302,bila tserkva,49.8094,30.1121,17.34,92,100,2.95,UA,1717959014
303,vadso,70.0744,29.7487,6.49,87,100,6.69,NO,1717959014
304,khonsa,27.0167,95.5667,22.99,92,46,1.78,IN,1717959014
305,narok,-1.0783,35.8601,15.15,89,100,2.43,KE,1717958944
306,hobyo,5.3505,48.5268,26.81,78,97,12.3,SO,1717959014
307,mezhdurechenskiy,59.6,65.9333,14.15,75,96,1.77,RU,1717959014
308,filey,54.21,-0.2892,13.82,77,100,0.89,GB,1717959014
309,kerikeri,-35.2268,173.9474,17.73,95,99,1.34,NZ,1717959014
310,am timan,11.0297,20.2827,29.75,48,100,1.89,TD,1717959014
311,los frentones,-26.4077,-61.4137,32.31,28,32,4.0,AR,1717959015
312,luena,-11.7833,19.9167,21.1,46,4,2.57,AO,1717959015
313,machali,-34.1833,-70.6667,12.6,71,100,0.51,CL,1717958861
314,sittwe,20.15,92.9,28.03,85,19,2.56,MM,1717959015
315,huangmei,30.1924,116.025,21.69,95,100,1.09,CN,1717959015
316,zhanibek,49.4167,46.85,22.37,53,96,4.03,KZ,1717959015
317,khandyga,62.6667,135.6,10.18,66,98,1.46,RU,1717959015
318,dakar,14.6937,-17.4441,27.49,73,75,4.12,SN,1717958568
319,barra de santo antonio,-9.4047,-35.5072,27.6,75,4,5.76,BR,1717959015
320,pacasmayo,-7.4006,-79.5714,21.11,70,50,5.79,PE,1717959016
321,tolanaro,-25.0319,46.9987,17.04,94,75,6.17,MG,1717959016
322,castillos,-34.1667,-53.8333,23.56,73,4,6.09,UY,1717958752
323,ayacucho,-13.1583,-74.2239,20.92,14,0,1.03,PE,1717959016
324,kiunga,-6.1219,141.2906,23.54,99,100,1.07,PG,1717959016
325,port shepstone,-30.7414,30.455,16.33,73,0,4.18,ZA,1717959016
326,tsiombe,-25.3,45.4833,17.13,69,77,4.89,MG,1717959016
327,cambria,35.5641,-121.0808,27.91,78,39,1.79,US,1717959016
328,recani,31.2846,-4.2688,33.65,10,64,6.73,MA,1717959016
329,sibut,5.718,19.0739,21.7,96,100,1.22,CF,1717959017
330,oranjemund,-28.55,16.4333,19.89,30,15,3.86,NA,1717959017
331,bridgewater,44.3835,-64.5155,22.28,64,96,8.23,CA,1717959017
332,ilek,51.5271,53.3831,18.39,74,75,1.81,RU,1717959017
333,rio grande,-32.035,-52.0986,28.06,71,100,6.24,BR,1717959006
334,mancio lima,-7.6142,-72.8958,29.04,74,40,1.03,BR,1717959017
335,baoqing,46.3317,132.2111,12.88,95,69,1.83,CN,1717959017
336,visby,57.6409,18.296,12.12,82,20,7.2,SE,1717959017
337,oberstaufen,47.55,10.0333,15.91,80,100,0.81,DE,1717959018
338,funafuti,-8.5243,179.1942,28.0,89,75,0.51,TV,1717959018
339,sovetskaya gavan',48.9723,140.2878,11.17,99,100,2.02,RU,1717959018
340,pemangkat,1.1667,108.9667,27.42,80,66,2.48,ID,1717959018
341,noumea,-22.2763,166.4572,23.89,99,100,1.38,NC,1717959018
342,kingston,17.997,-76.7936,32.31,66,75,10.29,JM,1717959018
343,orange cove,36.6244,-119.3137,32.14,32,0,2.57,US,1717959018
344,carnaiba,-8.7,-37.6667,26.96,61,100,7.51,BR,1717959019
345,annaba,36.9,7.7667,26.98,47,0,6.17,DZ,1717959019
346,manismata,-2.4667,111.0333,23.75,98,26,1.12,ID,1717958833
347,banda aceh,5.5577,95.3222,27.05,82,100,5.9,ID,1717959019
348,fort st. john,56.2499,-120.8529,8.94,87,100,2.06,CA,1717959019
349,kenai,60.5544,-151.2583,15.08,59,0,6.17,US,1717959019
350,arraial do cabo,-22.9661,-42.0278,25.98,73,0,6.69,BR,1717959019
351,batesville,35.7698,-91.641,28.23,66,75,0.89,US,1717959020
352,lompoc,34.6391,-120.4579,25.94,70,0,6.17,US,1717959020
353,zambezi,-13.5432,23.1047,17.42,38,0,2.82,ZM,1717959020
354,nagqu,31.5,92.0,7.38,63,100,1.98,CN,1717959020
355,guajara mirim,-10.7828,-65.3394,34.09,40,40,2.57,BR,1717959020
356,puerto armuelles,8.2833,-82.8667,29.99,72,100,1.79,PA,1717959021
357,dailekh,28.8333,81.6667,24.79,32,0,3.16,NP,1717959021
358,voru,57.8339,27.0194,9.48,92,5,1.03,EE,1717959021
359,mecca,21.4267,39.8261,34.58,27,0,3.14,SA,1717959021
360,sola,-13.8833,167.55,26.49,76,100,7.15,VU,1717959021
361,nako,31.8814,78.627,11.41,69,65,2.35,IN,1717959021
362,sabang,5.8933,95.3214,29.51,73,100,8.94,ID,1717959021
363,geraldton,-28.7667,114.6,20.23,68,40,6.69,AU,1717959002
364,shipston on stour,52.0606,-1.6278,15.1,68,100,4.45,GB,1717959022
365,nar'yan-mar,67.6713,53.087,5.06,71,100,4.92,RU,1717959022
366,nogliki,51.8333,143.1667,9.08,85,100,3.58,RU,1717959022
367,levuka,50.1834,-105.4011,14.9,47,40,3.09,CA,1717959022
368,murzuq,25.9155,13.9184,30.55,8,0,3.89,LY,1717959022
369,al burayqah,30.4062,19.5739,23.85,66,0,3.77,LY,1717959022
370,salinopolis,-0.6136,-47.3561,28.03,80,99,5.23,BR,1717959023
371,bikenibeu village,1.3673,173.1241,27.98,83,20,2.06,KI,1717959023
372,monrovia,6.3005,-10.7969,26.87,84,99,2.06,LR,1717958916
373,alacranes,22.7675,-81.5675,26.27,68,29,3.82,CU,1717959023
374,lazaro cardenas,17.9583,-102.2,29.69,58,6,5.45,MX,1717959023
375,tadine,-21.55,167.8833,23.28,88,100,3.8,NC,1717959023
376,puerto madryn,-42.7692,-65.0385,15.34,55,62,8.28,AR,1717958813
377,norfolk,42.1668,-71.2495,17.77,91,100,3.09,US,1717959023
378,rumphi,-11.0186,33.8575,13.73,97,34,1.05,MW,1717959023
379,tvoroyri,61.5556,-6.8111,8.43,83,21,8.94,FO,1717959024
380,pali,25.7667,73.3333,35.77,24,0,6.67,IN,1717959024
381,kourou,5.1552,-52.6478,30.03,64,68,2.99,GF,1717958931
382,malakal,9.5334,31.6605,26.1,63,100,1.12,SS,1717959024
383,saint-philippe,-21.3585,55.7679,20.77,82,47,4.38,RE,1717959024
384,gwadar,25.1216,62.3254,29.02,85,0,6.89,PK,1717958951
385,treinta y tres,-33.2333,-54.3833,23.74,74,100,7.91,UY,1717959024
386,avarua,-21.2078,-159.775,23.03,56,40,2.06,CK,1717959024
387,djibo,14.1022,-1.6306,39.62,21,17,2.83,BF,1717959024
388,guapiles,10.2159,-83.7866,32.8,66,100,1.6,CR,1717959025
389,port isabel,26.0734,-97.2086,36.05,65,20,8.75,US,1717959025
390,ketchikan,55.3422,-131.6461,13.52,35,100,2.57,US,1717959025
391,guane,22.2025,-84.0875,31.59,60,100,4.36,CU,1717959025
392,moa,20.6569,-74.9403,28.7,81,100,2.62,CU,1717959025
393,yarmouth,41.7057,-70.2286,18.87,94,100,10.28,US,1717959025
394,farasan,16.7022,42.1183,32.02,65,47,3.06,SA,1717959025
395,nuuk,64.1835,-51.7216,6.34,93,100,8.75,GL,1717959025
396,turbat,26.0023,63.044,32.08,49,0,5.62,PK,1717959025
397,kayangel,8.0823,134.7173,28.8,75,99,4.25,PW,1717959025
398,sao francisco,-15.9486,-44.8644,31.93,22,8,2.41,BR,1717959026
399,macas,-2.3167,-78.1167,27.86,65,40,2.57,EC,1717958914
400,lorengau,-2.0226,147.2712,27.53,80,70,2.02,PG,1717959026
401,zaragoza,41.6561,-0.8773,20.56,53,20,12.86,ES,1717958986
402,luino,46.0019,8.7451,21.79,86,75,1.54,IT,1717959026
403,solleftea,63.1667,17.2667,7.92,92,100,1.53,SE,1717958941
404,katsuren-haebaru,26.3369,127.8719,25.22,93,40,2.57,JP,1717959026
405,lander,42.833,-108.7307,26.55,42,0,2.06,US,1717959026
406,kismayo,-0.3582,42.5454,26.34,77,100,8.33,SO,1717959026
407,puerto vallarta,20.6204,-105.2307,34.69,46,3,3.87,MX,1717958921
408,katsuura,35.1333,140.3,18.01,93,100,5.0,JP,1717959027
409,yeed,4.55,43.0333,27.84,49,16,7.39,SO,1717959027
410,chinsali,-10.5414,32.0816,14.84,83,83,4.74,ZM,1717959027
411,nizhnevartovsk,60.9344,76.5531,9.01,71,0,0.0,RU,1717958902
412,aridaia,40.9731,22.0564,22.73,83,13,0.89,GR,1717959027
413,canavieiras,-15.675,-38.9472,22.98,93,54,3.56,BR,1717959027
414,karachi,24.9056,67.0822,29.9,66,40,4.12,PK,1717958829
415,carnarvon,-24.8667,113.6333,21.07,81,96,1.79,AU,1717959027
416,dingwall,57.5953,-4.4272,13.27,71,77,3.3,GB,1717959027
417,ariquemes,-9.9133,-63.0408,34.18,31,57,0.41,BR,1717959027
418,acarau,-2.8856,-40.12,28.08,79,99,6.23,BR,1717959028
419,atasu,48.6814,71.6433,19.77,72,100,4.07,KZ,1717959028
420,kavaratti,10.5669,72.642,28.29,84,100,5.63,IN,1717959028
421,smithers,54.7804,-127.1743,17.18,45,100,2.57,CA,1717959028
422,las tablas,7.7667,-80.2833,29.99,70,79,3.03,PA,1717959028
423,meadow lake,34.8014,-106.5436,32.33,24,100,1.58,US,1717959028
424,sungai penuh,-2.0833,101.3833,18.01,95,72,1.55,ID,1717959028
425,suva,-18.1416,178.4415,19.71,100,75,2.06,FJ,1717959028
426,zag,46.9441,99.165,10.48,67,91,2.61,MN,1717959028
427,shiprock,36.7855,-108.687,33.31,13,100,0.86,US,1717959029
428,salair,54.2312,85.7972,10.1,85,5,1.44,RU,1717959029
429,saldanha,-33.0117,17.9442,13.03,67,3,4.36,ZA,1717959029
430,inari,68.906,27.0288,15.11,68,16,4.64,FI,1717959029
431,lamu,-2.2717,40.902,26.25,77,70,7.88,KE,1717959029
432,firuzabad,28.8438,52.5707,26.58,33,0,1.89,IR,1717959029
433,malindi,-3.2175,40.1191,27.09,69,20,7.72,KE,1717959029
434,maragogi,-9.0122,-35.2225,26.3,77,2,5.15,BR,1717959029
435,qurayyat,31.3318,37.3428,31.1,27,0,9.26,SA,1717959029
436,chos malal,-37.3781,-70.2709,11.96,45,2,9.65,AR,1717959029
437,nabire,-3.3667,135.4833,24.67,94,100,1.49,ID,1717958950
438,chibougamau,49.9168,-74.3659,12.79,94,100,4.63,CA,1717959030
439,nizhnesortymskiy,62.4397,71.7603,17.14,47,100,4.92,RU,1717959030
440,el abiodh sidi cheikh,32.893,0.5484,32.37,10,3,7.75,DZ,1717959030
441,valparaiso,-33.0393,-71.6273,16.19,77,100,3.09,CL,1717959030
442,itoman,26.1247,127.6694,25.22,100,40,3.09,JP,1717959030
443,laramie,41.3114,-105.5911,26.21,34,0,6.71,US,1717959030
444,vennesla,58.2694,7.9741,11.68,69,75,7.72,NO,1717959030
445,bageshwar,29.85,79.7667,23.84,28,1,1.96,IN,1717959030
446,malango,-2.9627,119.9001,19.0,100,41,0.98,ID,1717959030
447,alaghsas,17.0187,8.0168,39.94,14,40,5.14,NE,1717959030
448,labin,45.095,14.1197,24.14,75,12,3.38,HR,1717958737
449,manacapuru,-3.2997,-60.6206,27.68,88,32,2.1,BR,1717959031
450,kathu,7.9178,98.3332,29.9,76,100,8.53,TH,1717959031
451,ribeira brava,32.65,-17.0667,21.74,74,78,2.31,PT,1717959031
452,ntcheu,-14.8203,34.6359,13.41,80,44,4.07,MW,1717959031
453,port victoria,0.0939,33.9756,21.91,73,89,2.45,KE,1717959031
454,mandal,25.45,74.5667,34.26,27,26,4.38,IN,1717958831
455,shahrak,34.1074,64.3052,14.05,39,0,2.45,AF,1717959031
456,big spring,32.2504,-101.4787,35.25,40,0,6.17,US,1717959031
457,villa regina,-39.1,-67.0667,18.01,31,0,9.67,AR,1717959031
458,beira,-19.8436,34.8389,22.05,78,20,7.2,MZ,1717959031
459,ponta delgada,37.7333,-25.6667,20.4,73,40,4.12,PT,1717959032
460,northam,51.0333,-4.2167,13.67,80,100,6.87,GB,1717959032
461,douglas,41.3,-96.167,27.64,36,0,4.63,US,1717959032
462,goianesia,-15.3175,-49.1175,30.67,24,100,2.41,BR,1717959032
463,barah,13.7,30.3667,32.48,36,85,1.46,SD,1717959032
464,kili,5.6439,169.1211,28.55,75,17,6.89,MH,1717959032
465,whitefish,48.4111,-114.3376,21.61,47,0,3.09,US,1717958892
466,port hedland,-20.3167,118.5667,15.03,82,0,3.6,AU,1717959032
467,kuusamo,65.9667,29.1833,14.02,67,0,6.17,FI,1717959032
468,halifax,44.6453,-63.5724,22.94,72,100,7.2,CA,1717958649
469,schleswig,54.5167,9.55,13.24,85,93,8.75,DE,1717959032
470,gunjur,13.2019,-16.7339,30.04,58,75,5.14,GM,1717959033
471,ulladulla,-35.35,150.4667,8.59,82,18,1.51,AU,1717959033
472,broken hill,-31.95,141.4333,10.74,62,90,2.99,AU,1717959033
473,piti village,13.4626,144.6933,28.03,89,0,3.6,GU,1717959033
474,san borja,-14.8167,-66.85,33.77,32,100,2.48,BO,1717959033
475,lucapa,-8.4192,20.7447,21.37,29,3,1.94,AO,1717959033
476,serdar,38.9764,56.2757,31.28,16,10,0.95,TM,1717959033
477,oppdal,62.5943,9.6912,6.55,98,100,4.52,NO,1717959033
478,hilo,19.7297,-155.09,26.16,71,75,2.57,US,1717959033
479,celestun,20.8667,-90.4,30.48,70,35,5.79,MX,1717959033
480,al jadid,27.05,14.4,31.55,9,0,3.19,LY,1717959033
481,kapa'a,22.0752,-159.319,27.99,76,20,7.72,US,1717959033
482,red bluff,40.1785,-122.2358,31.88,39,0,2.57,US,1717959034
483,kelso,46.1468,-122.9084,21.03,77,100,3.09,US,1717959034
484,kingscliff,-28.2667,153.5667,12.09,93,90,1.54,AU,1717959034
485,qarqaraly,49.4058,75.4742,17.0,74,100,3.55,KZ,1717959034
486,koudougou,12.25,-2.3667,29.18,49,65,9.39,BF,1717959034
487,malpura,26.2833,75.3833,36.79,20,100,3.67,IN,1717959034
488,aykhal,66.0,111.5,14.5,42,100,2.52,RU,1717959034
489,borshchiv,48.8033,26.0435,19.46,92,57,1.48,UA,1717959035
490,goz beida,13.95,20.55,22.95,75,100,9.89,TD,1717959035
491,ciudad delicias,28.1901,-105.4701,34.07,12,64,4.09,MX,1717959035
492,la'ie,21.6477,-157.9253,27.98,69,17,3.13,US,1717959035
493,mo i rana,66.3128,14.1428,18.26,47,0,4.63,NO,1717958542
494,mapimi,25.8167,-103.85,32.9,19,0,3.84,MX,1717958771
495,gmunden,47.9189,13.7975,19.08,99,99,1.95,AT,1717959035
496,revda,56.801,59.9303,11.62,99,100,1.38,RU,1717959035
497,mossel bay,-34.1831,22.146,10.96,80,6,2.88,ZA,1717959035
498,mont-dore,-22.2833,166.5833,23.89,99,100,0.89,NC,1717959035
499,eyl,7.9803,49.8164,27.96,75,88,11.74,SO,1717959035
500,ambalangoda,6.2355,80.0538,26.94,84,55,4.36,LK,1717959036
501,armacao de buzios,-22.7469,-41.8817,30.03,77,15,10.18,BR,1717959036
502,urangan,-25.3,152.9,12.89,75,0,2.24,AU,1717959036
503,burang,30.25,81.1667,4.64,71,10,2.44,CN,1717959036
504,westport,41.1415,-73.3579,23.38,60,40,6.17,US,1717959036
505,vuktyl,63.8567,57.3094,13.7,92,100,2.22,RU,1717959036
506,doka,13.5167,35.7667,23.01,77,100,5.76,SD,1717959036
507,fuling,29.7022,107.3919,21.91,95,100,0.92,CN,1717959036
508,lagoa,39.05,-27.9833,18.62,76,97,4.95,PT,1717959036
509,prince rupert,54.3161,-130.3201,11.83,84,100,5.66,CA,1717959036
510,viedma,-40.8135,-62.9967,17.42,45,98,6.19,AR,1717958720
511,carutapera,-1.195,-46.02,27.62,84,74,3.53,BR,1717959036
512,nakkila,61.3667,22.0,10.94,76,62,4.12,FI,1717959037
513,katima mulilo,-17.5,24.2667,17.59,42,5,3.6,NA,1717959037
514,forster,-32.1667,152.5167,11.15,80,5,4.37,AU,1717959037
515,jayapura,-2.5333,140.7,24.66,95,54,2.01,ID,1717959037
516,san felipe,10.3399,-68.7425,30.55,60,100,2.36,VE,1717959037
517,jhanjharpur,26.2667,86.2833,30.44,70,0,6.67,IN,1717959037
518,caribou,46.8606,-68.012,19.45,71,20,4.63,US,1717959037
519,belfast,54.5833,-5.9333,9.65,88,100,3.09,GB,1717959037
520,talent,42.2457,-122.7887,25.97,44,0,0.0,US,1717959037
521,antofagasta,-23.65,-70.4,18.6,82,100,2.84,CL,1717958900
522,kongsvinger,60.1905,11.9977,9.37,92,100,0.85,NO,1717958831
523,asbestos,45.7668,-71.9324,17.29,93,100,4.52,CA,1717959037
524,cabedelo,-6.9811,-34.8339,28.37,78,17,7.26,BR,1717959038
525,gisborne,-38.6533,178.0042,16.61,93,100,5.6,NZ,1717959038
526,las terrenas,19.311,-69.5428,33.93,66,40,3.09,DO,1717959038
527,okhotsk,59.3833,143.3,4.78,91,0,1.94,RU,1717959038
528,newman,37.3138,-121.0208,27.35,22,66,0.73,US,1717958818
529,montepuez,-13.1256,38.9997,18.86,75,100,5.26,MZ,1717959038
530,pocatello,42.8713,-112.4455,30.56,34,20,6.26,US,1717959022
531,dunedin,-45.8742,170.5036,9.89,86,100,5.36,NZ,1717958773
532,motueka,-41.1333,173.0167,15.61,97,56,0.69,NZ,1717959038
533,turkmenbasy,40.0222,52.9552,29.43,26,0,3.09,TM,1717959038
534,labrador city,52.9463,-66.9114,25.66,34,40,3.09,CA,1717959038
535,fort bragg,35.139,-79.006,32.91,41,40,4.63,US,1717959038
536,sidney,-33.8679,151.2073,11.46,77,40,6.69,AU,1717958933
537,vernon,50.2581,-119.2691,24.23,28,90,1.54,CA,1717958862
538,sukhobezvodnoye,57.0491,44.8891,16.02,67,100,1.15,RU,1717959039
539,namibe,-15.1961,12.1522,20.4,87,71,2.19,AO,1717959039
540,bamboo flat,11.7,92.7167,25.05,94,100,2.57,IN,1717959039
541,taroudant,30.4703,-8.877,21.4,52,77,8.35,MA,1717958906
542,saint-denis,48.9167,2.3333,20.31,38,0,5.66,FR,1717958912
543,luau,-10.7073,22.2247,17.78,36,11,2.03,AO,1717959039
544,paita,-5.0892,-81.1144,22.06,69,12,6.21,PE,1717959040
545,sao felix do xingu,-6.6447,-51.995,29.5,58,100,1.14,BR,1717959040
546,manta,-0.95,-80.7333,26.88,69,75,5.66,EC,1717958926
547,pingliang,35.5392,106.6861,16.21,56,94,1.62,CN,1717959040
548,sinabang,2.4803,96.3801,25.56,85,100,0.94,ID,1717959040
549,deniliquin,-35.5333,144.9667,9.28,66,100,1.73,AU,1717959040
550,aliwal north,-30.6937,26.7114,8.54,54,0,1.59,ZA,1717959040
551,cannonvale,-20.2833,148.7,18.66,76,0,2.69,AU,1717959040
552,ad dawadimi,24.5077,44.3924,36.64,10,4,5.51,SA,1717958773
553,cartagena,10.3997,-75.5144,29.79,74,40,3.6,CO,1717959001
554,san antonio oeste,-40.7319,-64.9477,19.23,31,0,9.02,AR,1717959026
555,benguela,-12.5763,13.4055,22.87,89,34,2.0,AO,1717959041
556,touros,-5.1989,-35.4608,27.1,79,91,6.94,BR,1717958757
557,north battleford,52.7834,-108.2847,12.05,62,0,3.6,CA,1717959041
558,parauna,-16.9478,-50.4486,30.75,26,100,2.82,BR,1717959041
559,axim,4.8699,-2.2405,25.91,87,90,3.15,GH,1717959041
560,ishim,56.1128,69.4902,14.46,84,95,5.36,RU,1717959041
561,vilyuysk,63.7553,121.6247,13.89,75,88,2.68,RU,1717959041
562,vilhena,-12.7406,-60.1458,31.12,33,0,4.63,BR,1717959041
563,karratha,-20.7377,116.8463,19.23,72,0,2.39,AU,1717959041
564,parras de la fuente,25.4167,-102.1833,31.35,22,9,4.6,MX,1717959041
565,happy valley-goose bay,53.3168,-60.3315,24.17,43,40,7.72,CA,1717959042
566,paka,4.6374,103.4368,23.96,94,100,1.03,MY,1717959042
567,fort mcmurray,56.7268,-111.381,11.77,66,100,3.09,CA,1717958797
568,san clemente del tuyu,-36.3569,-56.7235,19.43,79,0,6.89,AR,1717959042
569,tsengel,49.4783,100.8894,12.02,73,98,2.83,MN,1717959042
570,uglegorsk,49.0833,142.0333,13.66,95,100,3.28,RU,1717959042
571,novyy urgal,51.0736,132.5642,10.62,95,100,0.33,RU,1717959042
572,kalabo,-14.97,22.6814,17.5,36,5,3.09,ZM,1717959042
573,dongola,19.1667,30.4833,38.41,12,4,8.44,SD,1717959042
